{"train/entropy_loss":-0.11470301,"train/value_loss":0.00020523698,"rollout/ep_rew_mean":0.95158,"train/clip_fraction":0.10317383,"rollout/ep_len_mean":5.38,"train/approx_kl":0.10322599,"train/loss":-0.033770256,"train/policy_gradient_loss":-0.027695231,"_runtime":60.464777623,"train/explained_variance":0.6179348,"_step":171,"train/clip_range":0.2,"_timestamp":1.7463635572445865e+09,"train/learning_rate":0.0003,"global_step":30720,"_wandb":{"runtime":60},"time/fps":536}